,term,score
0,tune,0.591241680479846
1,true,0.2779327410901099
2,felt,0.27546267026514903
3,remind,0.25866823520993265
4,oh,0.2581895206810492
5,cries,0.24302413881873072
6,feel,0.170070465735221
7,feels,0.1478104201199615
8,like,0.13665191994846812
9,ll,0.13242645758877702
10,baby,0.12626567041974152
11,music,0.1235256627067155
12,whispers,0.12151206940936536
13,powder,0.12151206940936536
14,teardrops,0.12151206940936536
15,footsteps,0.12151206940936536
16,time,0.11749185383490711
17,did,0.1056286320304805
18,floor,0.10329850134943089
19,room,0.09743504208279485
20,crazy,0.09743504208279485
21,chance,0.09264424703003662
22,dance,0.09264424703003662
23,took,0.08859368752801161
24,romance,0.08100804627291024
25,eyes,0.07671704423456012
26,yeah,0.074738173398937
27,fever,0.07390521005998076
28,lost,0.06886566756628726
29,break,0.05465999514042825
30,don,0.05452532673107929
31,goodbyes,0.04050402313645512
32,hurting,0.03695260502999038
33,dancin,0.03695260502999038
34,ohh,0.03695260502999038
35,holding,0.03695260502999038
36,really,0.03247834736093162
37,round,0.030881415676678875
38,inside,0.030881415676678875
39,lovers,0.030881415676678875
40,deep,0.030881415676678875
41,hear,0.026407158007620123
42,hands,0.026407158007620123
43,let,0.01518761886359113
44,reconstruyo,0.0
45,quejido,0.0
46,quick,0.0
47,queens,0.0
48,quench,0.0
49,queen,0.0
50,quiere,0.0
51,questions,0.0
52,reading,0.0
53,quede,0.0
54,que,0.0
55,quarrels,0.0
56,quiet,0.0
57,pussy,0.0
58,pushin,0.0
59,push,0.0
60,punishment,0.0
61,pumpin,0.0
62,pump,0.0
63,pulque,0.0
64,pulmones,0.0
65,record,0.0
66,pulling,0.0
67,putting,0.0
68,ragin,0.0
69,quit,0.0
70,rated,0.0
71,reaction,0.0
72,reach,0.0
73,ready,0.0
74,raíz,0.0
75,raíces,0.0
76,razona,0.0
77,real,0.0
78,ray,0.0
79,rattlesnakers,0.0
80,rear,0.0
81,rattle,0.0
82,reason,0.0
83,reasons,0.0
84,rationale,0.0
85,rapper,0.0
86,quoting,0.0
87,rebels,0.0
88,recital,0.0
89,rapidly,0.0
90,puffin,0.0
91,ransacked,0.0
92,recite,0.0
93,ranch,0.0
94,raised,0.0
95,raise,0.0
96,rained,0.0
97,rain,0.0
98,read,0.0
99,radio,0.0
100,race,0.0
101,pull,0.0
102,128,0.0
103,puedo,0.0
104,puedes,0.0
105,político,0.0
106,poodle,0.0
107,pool,0.0
108,pop,0.0
109,poppin,0.0
110,por,0.0
111,porch,0.0
112,porque,0.0
113,position,0.0
114,positive,0.0
115,possess,0.0
116,poster,0.0
117,potent,0.0
118,pour,0.0
119,poverty,0.0
120,power,0.0
121,powers,0.0
122,polish,0.0
123,poisonous,0.0
124,points,0.0
125,player,0.0
126,place,0.0
127,places,0.0
128,plan,0.0
129,planeta,0.0
130,planned,0.0
131,play,0.0
132,played,0.0
133,playing,0.0
134,poetical,0.0
135,pleased,0.0
136,plex,0.0
137,pliers,0.0
138,plus,0.0
139,pode,0.0
140,poe,0.0
141,poems,0.0
142,pr,0.0
143,praise,0.0
144,pranto,0.0
145,prophesize,0.0
146,promise,0.0
147,promises,0.0
148,promotion,0.0
149,proof,0.0
150,propers,0.0
151,property,0.0
152,prophecy,0.0
153,prophets,0.0
154,problems,0.0
155,propio,0.0
156,pros,0.0
157,recuerdes,0.0
158,proud,0.0
159,prove,0.0
160,prudence,0.0
161,pueblo,0.0
162,process,0.0
163,problem,0.0
164,pray,0.0
165,presidentes,0.0
166,prayer,0.0
167,preachers,0.0
168,preaching,0.0
169,precisely,0.0
170,pregones,0.0
171,pregón,0.0
172,present,0.0
173,press,0.0
174,prob,0.0
175,pretending,0.0
176,pretty,0.0
177,prey,0.0
178,price,0.0
179,pricing,0.0
180,pride,0.0
181,princess,0.0
182,prototype,0.0
183,reign,0.0
184,recuerdo,0.0
185,sangre,0.0
186,said,0.0
187,sail,0.0
188,sake,0.0
189,saliva,0.0
190,sally,0.0
191,salvador,0.0
192,sand,0.0
193,santa,0.0
194,sacrifice,0.0
195,santos,0.0
196,sap,0.0
197,sarasota,0.0
198,satan,0.0
199,satisfaction,0.0
200,save,0.0
201,savin,0.0
202,safer,0.0
203,ríos,0.0
204,rough,0.0
205,rumors,0.0
206,rub,0.0
207,rude,0.0
208,ruffians,0.0
209,ruger,0.0
210,rule,0.0
211,rules,0.0
212,rum,0.0
213,run,0.0
214,ry,0.0
215,runaway,0.0
216,runnin,0.0
217,running,0.0
218,runs,0.0
219,runway,0.0
220,rush,0.0
221,russia,0.0
222,saving,0.0
223,saw,0.0
224,sax,0.0
225,section,0.0
226,se,0.0
227,sea,0.0
228,seamstress,0.0
229,searching,0.0
230,seca,0.0
231,second,0.0
232,secrets,0.0
233,seed,0.0
234,say,0.0
235,seein,0.0
236,seeing,0.0
237,seek,0.0
238,seen,0.0
239,sees,0.0
240,self,0.0
241,sell,0.0
242,scufflin,0.0
243,screwed,0.0
244,screen,0.0
245,screamin,0.0
246,sayin,0.0
247,saying,0.0
248,says,0.0
249,scandalous,0.0
250,scanner,0.0
251,scared,0.0
252,scene,0.0
253,schefferville,0.0
254,scheme,0.0
255,scholarship,0.0
256,school,0.0
257,science,0.0
258,scraper,0.0
259,scrappy,0.0
260,scream,0.0
261,row,0.0
262,rot,0.0
263,red,0.0
264,revolution,0.0
265,respected,0.0
266,respira,0.0
267,respirando,0.0
268,rest,0.0
269,resume,0.0
270,return,0.0
271,reverse,0.0
272,revolutionary,0.0
273,rescue,0.0
274,rewrite,0.0
275,rexburg,0.0
276,rhyme,0.0
277,rhymes,0.0
278,rhyming,0.0
279,rhythm,0.0
280,ribbon,0.0
281,respect,0.0
282,repping,0.0
283,rose,0.0
284,rehearsed,0.0
285,reflection,0.0
286,refuse,0.0
287,regard,0.0
288,regreso,0.0
289,regret,0.0
290,regular,0.0
291,rehearse,0.0
292,pittsfield,0.0
293,reppin,0.0
294,rejoice,0.0
295,relate,0.0
296,relentlessly,0.0
297,religion,0.0
298,remember,0.0
299,reno,0.0
300,repleta,0.0
301,rica,0.0
302,rich,0.0
303,richard,0.0
304,rolled,0.0
305,rock,0.0
306,rocked,0.0
307,rockin,0.0
308,rocking,0.0
309,rocks,0.0
310,role,0.0
311,roll,0.0
312,rollercoaster,0.0
313,ride,0.0
314,rollie,0.0
315,rolls,0.0
316,roof,0.0
317,rookie,0.0
318,rooms,0.0
319,root,0.0
320,rope,0.0
321,robaron,0.0
322,roam,0.0
323,roads,0.0
324,roadrunner,0.0
325,riding,0.0
326,right,0.0
327,righteous,0.0
328,rights,0.0
329,rims,0.0
330,ring,0.0
331,ripe,0.0
332,ripped,0.0
333,rise,0.0
334,rising,0.0
335,riso,0.0
336,ritmo,0.0
337,rituales,0.0
338,rival,0.0
339,road,0.0
340,pity,0.0
341,pie,0.0
342,pittsburgh,0.0
343,mmmmm,0.0
344,mirror,0.0
345,mis,0.0
346,miss,0.0
347,mistakes,0.0
348,mister,0.0
349,mma,0.0
350,mmm,0.0
351,mmmmmm,0.0
352,minnesota,0.0
353,modern,0.0
354,moment,0.0
355,money,0.0
356,monie,0.0
357,monroe,0.0
358,mont,0.0
359,montañas,0.0
360,miro,0.0
361,minhas,0.0
362,montgomery,0.0
363,midnight,0.0
364,met,0.0
365,metropolis,0.0
366,mi,0.0
367,mic,0.0
368,michigan,0.0
369,mics,0.0
370,middleman,0.0
371,mike,0.0
372,minha,0.0
373,miles,0.0
374,million,0.0
375,millions,0.0
376,mills,0.0
377,mind,0.0
378,minds,0.0
379,mines,0.0
380,monterey,0.0
381,monáe,0.0
382,message,0.0
383,nace,0.0
384,muscles,0.0
385,museum,0.0
386,mutha,0.0
387,muthafucka,0.0
388,más,0.0
389,mío,0.0
390,na,0.0
391,naciste,0.0
392,mulligan,0.0
393,nadie,0.0
394,nah,0.0
395,nails,0.0
396,namin,0.0
397,nap,0.0
398,narc,0.0
399,nasdaq,0.0
400,muscle,0.0
401,muffin,0.0
402,moon,0.0
403,mountains,0.0
404,moonlight,0.0
405,morning,0.0
406,mornings,0.0
407,mother,0.0
408,mothers,0.0
409,mountain,0.0
410,mountaineers,0.0
411,moustache,0.0
412,mueve,0.0
413,mouthpiece,0.0
414,moved,0.0
415,moves,0.0
416,moving,0.0
417,mr,0.0
418,muelas,0.0
419,muere,0.0
420,messenger,0.0
421,mess,0.0
422,pirate,0.0
423,make,0.0
424,macho,0.0
425,machos,0.0
426,mack,0.0
427,mad,0.0
428,madre,0.0
429,magic,0.0
430,major,0.0
431,makes,0.0
432,macbook,0.0
433,makin,0.0
434,making,0.0
435,mama,0.0
436,mami,0.0
437,man,0.0
438,manage,0.0
439,manifest,0.0
440,machine,0.0
441,ma,0.0
442,manos,0.0
443,loyal,0.0
444,love,0.0
445,lovely,0.0
446,lover,0.0
447,loves,0.0
448,lovin,0.0
449,loving,0.0
450,low,0.0
451,lucha,0.0
452,lyrical,0.0
453,luck,0.0
454,lucky,0.0
455,luna,0.0
456,lure,0.0
457,ly,0.0
458,lyin,0.0
459,lying,0.0
460,mano,0.0
461,map,0.0
462,merrily,0.0
463,mejores,0.0
464,mean,0.0
465,meaning,0.0
466,means,0.0
467,meant,0.0
468,measurements,0.0
469,medio,0.0
470,meeting,0.0
471,melancolía,0.0
472,maybe,0.0
473,melt,0.0
474,melted,0.0
475,memory,0.0
476,men,0.0
477,mention,0.0
478,mentions,0.0
479,mercy,0.0
480,meals,0.0
481,matters,0.0
482,maquilla,0.0
483,mascando,0.0
484,mar,0.0
485,maradona,0.0
486,march,0.0
487,marilyn,0.0
488,marry,0.0
489,marullos,0.0
490,masa,0.0
491,maserati,0.0
492,matter,0.0
493,masks,0.0
494,massachusetts,0.0
495,masses,0.0
496,master,0.0
497,matchbook,0.0
498,material,0.0
499,mattawa,0.0
500,nashville,0.0
501,nation,0.0
502,natural,0.0
503,partner,0.0
504,papers,0.0
505,para,0.0
506,paranoia,0.0
507,parejas,0.0
508,parentheses,0.0
509,paripititumon,0.0
510,parkersburg,0.0
511,party,0.0
512,pane,0.0
513,pasadena,0.0
514,pasar,0.0
515,pass,0.0
516,passed,0.0
517,passion,0.0
518,past,0.0
519,path,0.0
520,paper,0.0
521,panama,0.0
522,patria,0.0
523,padre,0.0
524,oye,0.0
525,ozone,0.0
526,pa,0.0
527,pack,0.0
528,package,0.0
529,packaged,0.0
530,padilla,0.0
531,pages,0.0
532,palpitar,0.0
533,paid,0.0
534,pain,0.0
535,painful,0.0
536,paint,0.0
537,painting,0.0
538,palm,0.0
539,paloma,0.0
540,patient,0.0
541,paul,0.0
542,naturale,0.0
543,picture,0.0
544,petite,0.0
545,peyote,0.0
546,phase,0.0
547,phife,0.0
548,photo,0.0
549,piano,0.0
550,pick,0.0
551,seminoles,0.0
552,pete,0.0
553,piece,0.0
554,pieces,0.0
555,piel,0.0
556,piernas,0.0
557,pills,0.0
558,pink,0.0
559,pipe,0.0
560,petersburg,0.0
561,pestañeo,0.0
562,paws,0.0
563,pen,0.0
564,pay,0.0
565,peace,0.0
566,peanut,0.0
567,peas,0.0
568,pedazo,0.0
569,peina,0.0
570,pellet,0.0
571,pena,0.0
572,persuasion,0.0
573,penar,0.0
574,people,0.0
575,perdono,0.0
576,perfect,0.0
577,permanent,0.0
578,pero,0.0
579,person,0.0
580,owe,0.0
581,ow,0.0
582,overseas,0.0
583,novelties,0.0
584,noise,0.0
585,nope,0.0
586,norma,0.0
587,northern,0.0
588,nos,0.0
589,nostalgia,0.0
590,nothin,0.0
591,nubes,0.0
592,nights,0.0
593,nude,0.0
594,nuff,0.0
595,numb,0.0
596,nunca,0.0
597,nuvens,0.0
598,nyc,0.0
599,não,0.0
600,noche,0.0
601,night,0.0
602,overjoyed,0.0
603,neeh,0.0
604,naysayers,0.0
605,near,0.0
606,nebraska,0.0
607,necesito,0.0
608,neck,0.0
609,need,0.0
610,needs,0.0
611,neep,0.0
612,niggas,0.0
613,neil,0.0
614,neon,0.0
615,new,0.0
616,nice,0.0
617,nido,0.0
618,nieve,0.0
619,nigga,0.0
620,obey,0.0
621,obra,0.0
622,oddities,0.0
623,otoño,0.0
624,opinions,0.0
625,opposite,0.0
626,order,0.0
627,orgullo,0.0
628,orient,0.0
629,orleans,0.0
630,oskaloosa,0.0
631,ottawa,0.0
632,odds,0.0
633,ought,0.0
634,outcast,0.0
635,outs,0.0
636,outside,0.0
637,outta,0.0
638,oven,0.0
639,overcome,0.0
640,operación,0.0
641,opened,0.0
642,open,0.0
643,opelaka,0.0
644,oigo,0.0
645,okay,0.0
646,oklahoma,0.0
647,ol,0.0
648,old,0.0
649,older,0.0
650,ole,0.0
651,olvidar,0.0
652,olvido,0.0
653,ombabika,0.0
654,ones,0.0
655,ooh,0.0
656,ooooh,0.0
657,oooooh,0.0
658,op,0.0
659,semi,0.0
660,service,0.0
661,senators,0.0
662,vale,0.0
663,trend,0.0
664,tribulations,0.0
665,tried,0.0
666,trigger,0.0
667,trill,0.0
668,trip,0.0
669,trippin,0.0
670,trouble,0.0
671,truth,0.0
672,try,0.0
673,tryin,0.0
674,trying,0.0
675,tryna,0.0
676,tu,0.0
677,tulsa,0.0
678,tumble,0.0
679,turban,0.0
680,trees,0.0
681,tree,0.0
682,treat,0.0
683,traitor,0.0
684,traffic,0.0
685,trago,0.0
686,trail,0.0
687,trailblazing,0.0
688,trails,0.0
689,train,0.0
690,trained,0.0
691,transcends,0.0
692,treadmill,0.0
693,transgender,0.0
694,transmissions,0.0
695,trap,0.0
696,trapped,0.0
697,travel,0.0
698,traveled,0.0
699,tread,0.0
700,turn,0.0
701,turned,0.0
702,turnin,0.0
703,unsee,0.0
704,understand,0.0
705,unfold,0.0
706,unforgivenlike,0.0
707,uniform,0.0
708,unify,0.0
709,unimpeachable,0.0
710,universe,0.0
711,uphill,0.0
712,underneath,0.0
713,usa,0.0
714,usb,0.0
715,use,0.0
716,used,0.0
717,useless,0.0
718,uvas,0.0
719,va,0.0
720,underrated,0.0
721,underdog,0.0
722,turning,0.0
723,twisted,0.0
724,turnpike,0.0
725,turns,0.0
726,tus,0.0
727,tusslin,0.0
728,tuyo,0.0
729,twice,0.0
730,twiddle,0.0
731,type,0.0
732,una,0.0
733,typical,0.0
734,tú,0.0
735,ubers,0.0
736,ufc,0.0
737,ugh,0.0
738,uh,0.0
739,ukulele,0.0
740,trade,0.0
741,track,0.0
742,trabajo,0.0
743,throne,0.0
744,thinks,0.0
745,thong,0.0
746,thou,0.0
747,thought,0.0
748,thoughts,0.0
749,thousand,0.0
750,thrill,0.0
751,throwing,0.0
752,thinkin,0.0
753,thug,0.0
754,thumb,0.0
755,thumper,0.0
756,thunder,0.0
757,ti,0.0
758,tickets,0.0
759,tide,0.0
760,thinking,0.0
761,think,0.0
762,tiemblan,0.0
763,tengo,0.0
764,teenage,0.0
765,tell,0.0
766,tellin,0.0
767,telling,0.0
768,telly,0.0
769,temper,0.0
770,tenderness,0.0
771,tennessee,0.0
772,things,0.0
773,tequila,0.0
774,terminator,0.0
775,test,0.0
776,texarkana,0.0
777,texas,0.0
778,thank,0.0
779,thing,0.0
780,tied,0.0
781,tiempos,0.0
782,town,0.0
783,tonight,0.0
784,toilet,0.0
785,told,0.0
786,toll,0.0
787,tomen,0.0
788,tomorrow,0.0
789,tone,0.0
790,tongue,0.0
791,toronto,0.0
792,todo,0.0
793,torture,0.0
794,toss,0.0
795,totally,0.0
796,totin,0.0
797,touch,0.0
798,tough,0.0
799,toughest,0.0
800,todos,0.0
801,todd,0.0
802,tiene,0.0
803,timbales,0.0
804,tierra,0.0
805,tiger,0.0
806,tigers,0.0
807,tight,0.0
808,tightrope,0.0
809,til,0.0
810,till,0.0
811,times,0.0
812,today,0.0
813,tiny,0.0
814,tip,0.0
815,tippin,0.0
816,tired,0.0
817,title,0.0
818,tocopilla,0.0
819,toda,0.0
820,vader,0.0
821,vamos,0.0
822,send,0.0
823,vapors,0.0
824,windows,0.0
825,wings,0.0
826,winnemucca,0.0
827,winner,0.0
828,winslow,0.0
829,winter,0.0
830,wiped,0.0
831,wire,0.0
832,wisdom,0.0
833,wish,0.0
834,wishin,0.0
835,wishing,0.0
836,wit,0.0
837,woah,0.0
838,woke,0.0
839,wolf,0.0
840,wolverines,0.0
841,window,0.0
842,wind,0.0
843,win,0.0
844,whiskey,0.0
845,wet,0.0
846,wetter,0.0
847,whatsoever,0.0
848,wheel,0.0
849,wheels,0.0
850,whip,0.0
851,whipping,0.0
852,whispered,0.0
853,wildest,0.0
854,white,0.0
855,whoa,0.0
856,whoaaa,0.0
857,wichita,0.0
858,wicked,0.0
859,wide,0.0
860,wild,0.0
861,woman,0.0
862,women,0.0
863,won,0.0
864,ye,0.0
865,writtens,0.0
866,wrong,0.0
867,x23,0.0
868,xy,0.0
869,ya,0.0
870,yah,0.0
871,yawnin,0.0
872,years,0.0
873,writing,0.0
874,yes,0.0
875,yo,0.0
876,yoda,0.0
877,york,0.0
878,young,0.0
879,youth,0.0
880,yup,0.0
881,written,0.0
882,writers,0.0
883,wonder,0.0
884,workin,0.0
885,wonders,0.0
886,woo,0.0
887,woodwork,0.0
888,word,0.0
889,words,0.0
890,work,0.0
891,workers,0.0
892,working,0.0
893,wrapped,0.0
894,world,0.0
895,worries,0.0
896,worrisome,0.0
897,worry,0.0
898,worst,0.0
899,worth,0.0
900,wow,0.0
901,western,0.0
902,west,0.0
903,went,0.0
904,voodoo,0.0
905,vision,0.0
906,viva,0.0
907,vive,0.0
908,viña,0.0
909,voices,0.0
910,vole,0.0
911,volunteers,0.0
912,voz,0.0
913,vigila,0.0
914,wack,0.0
915,wait,0.0
916,waited,0.0
917,waiter,0.0
918,waiting,0.0
919,wake,0.0
920,walk,0.0
921,virtual,0.0
922,view,0.0
923,walkin,0.0
924,verse,0.0
925,ve,0.0
926,veins,0.0
927,venas,0.0
928,vende,0.0
929,vento,0.0
930,veo,0.0
931,verano,0.0
932,versed,0.0
933,viento,0.0
934,versos,0.0
935,vest,0.0
936,vez,0.0
937,vicksburg,0.0
938,victories,0.0
939,victorious,0.0
940,vida,0.0
941,walked,0.0
942,walking,0.0
943,welcome,0.0
944,weak,0.0
945,watergate,0.0
946,waterloo,0.0
947,waters,0.0
948,waterville,0.0
949,wave,0.0
950,waves,0.0
951,way,0.0
952,wear,0.0
953,watching,0.0
954,wearin,0.0
955,wearing,0.0
956,weary,0.0
957,weave,0.0
958,wedding,0.0
959,wee,0.0
960,weird,0.0
961,water,0.0
962,watch,0.0
963,wall,0.0
964,war,0.0
965,wallet,0.0
966,walls,0.0
967,wanna,0.0
968,wannabes,0.0
969,want,0.0
970,wanted,0.0
971,wants,0.0
972,warning,0.0
973,wasting,0.0
974,warring,0.0
975,wars,0.0
976,washington,0.0
977,wasn,0.0
978,waste,0.0
979,wasted,0.0
980,wasteland,0.0
981,teased,0.0
982,tease,0.0
983,tears,0.0
984,tear,0.0
985,slippers,0.0
986,slippin,0.0
987,sloppy,0.0
988,slouching,0.0
989,slow,0.0
990,slowly,0.0
991,smart,0.0
992,smells,0.0
993,smile,0.0
994,smiles,0.0
995,smiling,0.0
996,smog,0.0
997,smoke,0.0
998,smoking,0.0
999,smooth,0.0
1000,smuggle,0.0
1001,soap,0.0
1002,slip,0.0
1003,slick,0.0
1004,slice,0.0
1005,skin,0.0
1006,sister,0.0
1007,sisters,0.0
1008,sit,0.0
1009,sitting,0.0
1010,sizzle,0.0
1011,skies,0.0
1012,skill,0.0
1013,skip,0.0
1014,sleeping,0.0
1015,skipping,0.0
1016,sky,0.0
1017,slave,0.0
1018,slay,0.0
1019,sleep,0.0
1020,sleepers,0.0
1021,sleepin,0.0
1022,soar,0.0
1023,sober,0.0
1024,sobra,0.0
1025,southern,0.0
1026,sorta,0.0
1027,sostiene,0.0
1028,soul,0.0
1029,soulit,0.0
1030,sound,0.0
1031,sounds,0.0
1032,south,0.0
1033,southland,0.0
1034,sorrow,0.0
1035,soy,0.0
1036,spa,0.0
1037,space,0.0
1038,spark,0.0
1039,speak,0.0
1040,speaking,0.0
1041,special,0.0
1042,sorry,0.0
1043,soothing,0.0
1044,sock,0.0
1045,solid,0.0
1046,sofoca,0.0
1047,soft,0.0
1048,softer,0.0
1049,softly,0.0
1050,soil,0.0
1051,sol,0.0
1052,soldiers,0.0
1053,solider,0.0
1054,sooner,0.0
1055,somebody,0.0
1056,son,0.0
1057,song,0.0
1058,songs,0.0
1059,sonrío,0.0
1060,sons,0.0
1061,soon,0.0
1062,sipping,0.0
1063,sioux,0.0
1064,sinner,0.0
1065,shed,0.0
1066,shall,0.0
1067,shallow,0.0
1068,shame,0.0
1069,shape,0.0
1070,share,0.0
1071,shark,0.0
1072,shatter,0.0
1073,sheets,0.0
1074,shake,0.0
1075,shell,0.0
1076,shine,0.0
1077,shined,0.0
1078,shining,0.0
1079,shiny,0.0
1080,ship,0.0
1081,shirts,0.0
1082,shaking,0.0
1083,shaggy,0.0
1084,shittin,0.0
1085,set,0.0
1086,senses,0.0
1087,sentado,0.0
1088,sentimental,0.0
1089,sentimiento,0.0
1090,sermon,0.0
1091,serve,0.0
1092,louisiana,0.0
1093,sets,0.0
1094,shades,0.0
1095,settin,0.0
1096,settled,0.0
1097,seventeen,0.0
1098,sex,0.0
1099,sexual,0.0
1100,señor,0.0
1101,shack,0.0
1102,shit,0.0
1103,sho,0.0
1104,sink,0.0
1105,siguen,0.0
1106,shut,0.0
1107,si,0.0
1108,siento,0.0
1109,sight,0.0
1110,sign,0.0
1111,signs,0.0
1112,sigue,0.0
1113,simple,0.0
1114,shreveport,0.0
1115,simplify,0.0
1116,simply,0.0
1117,sin,0.0
1118,sing,0.0
1119,singin,0.0
1120,singing,0.0
1121,sings,0.0
1122,shuffling,0.0
1123,shows,0.0
1124,shoals,0.0
1125,shot,0.0
1126,shocked,0.0
1127,shoes,0.0
1128,shook,0.0
1129,shoot,0.0
1130,shooting,0.0
1131,shop,0.0
1132,short,0.0
1133,shotgun,0.0
1134,shower,0.0
1135,shoulder,0.0
1136,shoulders,0.0
1137,shouldn,0.0
1138,shout,0.0
1139,shovel,0.0
1140,shovin,0.0
1141,showed,0.0
1142,specially,0.0
1143,specimen,0.0
1144,speech,0.0
1145,sure,0.0
1146,super,0.0
1147,superdome,0.0
1148,superstar,0.0
1149,superstars,0.0
1150,superwoman,0.0
1151,suppose,0.0
1152,supreme,0.0
1153,surely,0.0
1154,sunshine,0.0
1155,surge,0.0
1156,surprise,0.0
1157,surprised,0.0
1158,survive,0.0
1159,survivor,0.0
1160,sus,0.0
1161,suspira,0.0
1162,supe,0.0
1163,sunset,0.0
1164,swaying,0.0
1165,sucka,0.0
1166,stunts,0.0
1167,style,0.0
1168,styrofoam,0.0
1169,su,0.0
1170,suburban,0.0
1171,subway,0.0
1172,succumbed,0.0
1173,suckah,0.0
1174,sunlight,0.0
1175,sufferin,0.0
1176,sufro,0.0
1177,sulkin,0.0
1178,summer,0.0
1179,summertime,0.0
1180,summons,0.0
1181,sun,0.0
1182,swampers,0.0
1183,swear,0.0
1184,stumble,0.0
1185,tattletales,0.0
1186,tall,0.0
1187,tallapoosa,0.0
1188,tambores,0.0
1189,tampa,0.0
1190,tampoco,0.0
1191,tape,0.0
1192,taste,0.0
1193,tax,0.0
1194,talkin,0.0
1195,tcb,0.0
1196,te,0.0
1197,tea,0.0
1198,teach,0.0
1199,teachers,0.0
1200,teaching,0.0
1201,team,0.0
1202,talking,0.0
1203,talk,0.0
1204,sweat,0.0
1205,swimwear,0.0
1206,sweater,0.0
1207,sweep,0.0
1208,sweet,0.0
1209,sweeter,0.0
1210,swept,0.0
1211,swim,0.0
1212,swimmin,0.0
1213,swing,0.0
1214,taking,0.0
1215,switch,0.0
1216,systematically,0.0
1217,sé,0.0
1218,table,0.0
1219,tailor,0.0
1220,taken,0.0
1221,takin,0.0
1222,stumbling,0.0
1223,stuffin,0.0
1224,speed,0.0
1225,stands,0.0
1226,stack,0.0
1227,stairs,0.0
1228,stalks,0.0
1229,stalled,0.0
1230,stances,0.0
1231,stand,0.0
1232,standing,0.0
1233,star,0.0
1234,squeeze,0.0
1235,stare,0.0
1236,stars,0.0
1237,start,0.0
1238,started,0.0
1239,starts,0.0
1240,starvin,0.0
1241,state,0.0
1242,squeezed,0.0
1243,squabblin,0.0
1244,stations,0.0
1245,spittin,0.0
1246,spell,0.0
1247,spend,0.0
1248,spendin,0.0
1249,spin,0.0
1250,spinning,0.0
1251,spirit,0.0
1252,spit,0.0
1253,splashing,0.0
1254,spying,0.0
1255,spoke,0.0
1256,spool,0.0
1257,spot,0.0
1258,spread,0.0
1259,spreadin,0.0
1260,spree,0.0
1261,springfield,0.0
1262,station,0.0
1263,status,0.0
1264,student,0.0
1265,strength,0.0
1266,straight,0.0
1267,strange,0.0
1268,stranger,0.0
1269,strangers,0.0
1270,strap,0.0
1271,street,0.0
1272,streets,0.0
1273,stressing,0.0
1274,stories,0.0
1275,stretchin,0.0
1276,stride,0.0
1277,strikes,0.0
1278,strong,0.0
1279,strongest,0.0
1280,strutting,0.0
1281,stuck,0.0
1282,storm,0.0
1283,stores,0.0
1284,stay,0.0
1285,step,0.0
1286,stayed,0.0
1287,staying,0.0
1288,steal,0.0
1289,steel,0.0
1290,steeple,0.0
1291,steer,0.0
1292,steeze,0.0
1293,stepping,0.0
1294,stops,0.0
1295,steps,0.0
1296,stereotypes,0.0
1297,stock,0.0
1298,stole,0.0
1299,stone,0.0
1300,stood,0.0
1301,stop,0.0
1302,louisville,0.0
1303,looked,0.0
1304,lotta,0.0
1305,como,0.0
1306,come,0.0
1307,comes,0.0
1308,comforter,0.0
1309,comin,0.0
1310,coming,0.0
1311,command,0.0
1312,commodity,0.0
1313,company,0.0
1314,colores,0.0
1315,comparison,0.0
1316,comparte,0.0
1317,competition,0.0
1318,complain,0.0
1319,complete,0.0
1320,completely,0.0
1321,complicated,0.0
1322,colors,0.0
1323,colorado,0.0
1324,comprar,0.0
1325,coca,0.0
1326,cloud,0.0
1327,clouds,0.0
1328,clowns,0.0
1329,club,0.0
1330,clue,0.0
1331,coal,0.0
1332,coast,0.0
1333,coffee,0.0
1334,colony,0.0
1335,coins,0.0
1336,cold,0.0
1337,colder,0.0
1338,cole,0.0
1339,collars,0.0
1340,college,0.0
1341,collude,0.0
1342,complication,0.0
1343,comrades,0.0
1344,closest,0.0
1345,couldn,0.0
1346,corazón,0.0
1347,cordillera,0.0
1348,core,0.0
1349,cores,0.0
1350,corre,0.0
1351,costa,0.0
1352,coughin,0.0
1353,count,0.0
1354,cool,0.0
1355,country,0.0
1356,couple,0.0
1357,covenant,0.0
1358,cover,0.0
1359,covered,0.0
1360,coyotes,0.0
1361,crack,0.0
1362,cooling,0.0
1363,cooking,0.0
1364,confess,0.0
1365,constrictions,0.0
1366,confidence,0.0
1367,confident,0.0
1368,confined,0.0
1369,congressmen,0.0
1370,conocido,0.0
1371,conquer,0.0
1372,conscience,0.0
1373,consumo,0.0
1374,cookie,0.0
1375,contact,0.0
1376,continued,0.0
1377,contra,0.0
1378,control,0.0
1379,controlar,0.0
1380,convention,0.0
1381,conversating,0.0
1382,clothes,0.0
1383,closer,0.0
1384,caribe,0.0
1385,changin,0.0
1386,chain,0.0
1387,chains,0.0
1388,challenge,0.0
1389,champagne,0.0
1390,chances,0.0
1391,change,0.0
1392,changes,0.0
1393,chapter,0.0
1394,century,0.0
1395,charleston,0.0
1396,chase,0.0
1397,chaska,0.0
1398,chatanika,0.0
1399,check,0.0
1400,checkin,0.0
1401,cheer,0.0
1402,cha,0.0
1403,celebrating,0.0
1404,chest,0.0
1405,catch,0.0
1406,carolina,0.0
1407,carry,0.0
1408,cars,0.0
1409,casitas,0.0
1410,cast,0.0
1411,catalina,0.0
1412,catastrophe,0.0
1413,catching,0.0
1414,cedar,0.0
1415,cats,0.0
1416,caught,0.0
1417,cause,0.0
1418,cautious,0.0
1419,cavaliers,0.0
1420,cavalry,0.0
1421,cañaveral,0.0
1422,chem,0.0
1423,chevrolet,0.0
1424,close,0.0
1425,classy,0.0
1426,chuva,0.0
1427,cima,0.0
1428,cintura,0.0
1429,city,0.0
1430,civilization,0.0
1431,clampdown,0.0
1432,clarito,0.0
1433,cleaner,0.0
1434,chris,0.0
1435,clear,0.0
1436,click,0.0
1437,clima,0.0
1438,climax,0.0
1439,climbed,0.0
1440,cling,0.0
1441,clock,0.0
1442,church,0.0
1443,chose,0.0
1444,chevrolets,0.0
1445,chocolate,0.0
1446,chevy,0.0
1447,chi,0.0
1448,chicago,0.0
1449,chicopee,0.0
1450,child,0.0
1451,children,0.0
1452,china,0.0
1453,choice,0.0
1454,chorus,0.0
1455,choices,0.0
1456,chokin,0.0
1457,chola,0.0
1458,cholo,0.0
1459,choose,0.0
1460,choosin,0.0
1461,chopper,0.0
1462,crank,0.0
1463,crash,0.0
1464,crashin,0.0
1465,dignity,0.0
1466,didn,0.0
1467,die,0.0
1468,died,0.0
1469,dientes,0.0
1470,difference,0.0
1471,different,0.0
1472,dig,0.0
1473,dime,0.0
1474,dibujando,0.0
1475,dinner,0.0
1476,direction,0.0
1477,dirt,0.0
1478,dirty,0.0
1479,dis,0.0
1480,disabilities,0.0
1481,disadvantage,0.0
1482,dick,0.0
1483,diamond,0.0
1484,disappear,0.0
1485,destination,0.0
1486,deserve,0.0
1487,desierto,0.0
1488,desire,0.0
1489,desmayadas,0.0
1490,despair,0.0
1491,desperate,0.0
1492,desperately,0.0
1493,destiny,0.0
1494,diamantina,0.0
1495,destruct,0.0
1496,devil,0.0
1497,devils,0.0
1498,devoted,0.0
1499,devotion,0.0
1500,devour,0.0
1501,di,0.0
1502,disagree,0.0
1503,disappointment,0.0
1504,crater,0.0
1505,doubt,0.0
1506,dope,0.0
1507,dor,0.0
1508,dorado,0.0
1509,dores,0.0
1510,dorsal,0.0
1511,dos,0.0
1512,double,0.0
1513,dough,0.0
1514,doors,0.0
1515,douglass,0.0
1516,dove,0.0
1517,dow,0.0
1518,downhearted,0.0
1519,drag,0.0
1520,drawn,0.0
1521,dreads,0.0
1522,doorways,0.0
1523,door,0.0
1524,disco,0.0
1525,dock,0.0
1526,discover,0.0
1527,discurso,0.0
1528,disrespect,0.0
1529,distance,0.0
1530,divine,0.0
1531,dj,0.0
1532,dna,0.0
1533,dodge,0.0
1534,donde,0.0
1535,does,0.0
1536,doesn,0.0
1537,doing,0.0
1538,dollars,0.0
1539,dolor,0.0
1540,dolores,0.0
1541,dolphins,0.0
1542,desert,0.0
1543,descent,0.0
1544,descends,0.0
1545,cut,0.0
1546,cuero,0.0
1547,cumbanchar,0.0
1548,cumbia,0.0
1549,cunning,0.0
1550,cup,0.0
1551,curse,0.0
1552,cursed,0.0
1553,cuttin,0.0
1554,cuelgan,0.0
1555,cutting,0.0
1556,cólera,0.0
1557,cóndor,0.0
1558,da,0.0
1559,daddy,0.0
1560,dag,0.0
1561,damage,0.0
1562,cuello,0.0
1563,cuddle,0.0
1564,descendants,0.0
1565,cross,0.0
1566,crawled,0.0
1567,created,0.0
1568,credit,0.0
1569,creepin,0.0
1570,crept,0.0
1571,criticize,0.0
1572,critics,0.0
1573,crossed,0.0
1574,cuba,0.0
1575,crowd,0.0
1576,crown,0.0
1577,crumble,0.0
1578,crusaders,0.0
1579,crying,0.0
1580,cualquier,0.0
1581,cuando,0.0
1582,damn,0.0
1583,dancer,0.0
1584,dancing,0.0
1585,delusional,0.0
1586,deer,0.0
1587,defiant,0.0
1588,define,0.0
1589,degrading,0.0
1590,dejaron,0.0
1591,dejas,0.0
1592,del,0.0
1593,demand,0.0
1594,dangerous,0.0
1595,dent,0.0
1596,dentro,0.0
1597,departed,0.0
1598,department,0.0
1599,derrumba,0.0
1600,desaparecido,0.0
1601,desarrollo,0.0
1602,decide,0.0
1603,death,0.0
1604,dear,0.0
1605,dead,0.0
1606,dare,0.0
1607,dark,0.0
1608,darlin,0.0
1609,darling,0.0
1610,darn,0.0
1611,data,0.0
1612,daughter,0.0
1613,daughters,0.0
1614,davenport,0.0
1615,david,0.0
1616,day,0.0
1617,daylight,0.0
1618,days,0.0
1619,dayton,0.0
1620,daze,0.0
1621,carne,0.0
1622,cares,0.0
1623,dreams,0.0
1624,bag,0.0
1625,ayo,0.0
1626,azul,0.0
1627,babe,0.0
1628,backing,0.0
1629,backwards,0.0
1630,backyard,0.0
1631,bad,0.0
1632,baila,0.0
1633,ay,0.0
1634,bailar,0.0
1635,bajo,0.0
1636,baked,0.0
1637,bakersfield,0.0
1638,balance,0.0
1639,balcony,0.0
1640,ball,0.0
1641,aye,0.0
1642,away,0.0
1643,baltimore,0.0
1644,astonish,0.0
1645,ashes,0.0
1646,ask,0.0
1647,asked,0.0
1648,askin,0.0
1649,asks,0.0
1650,ass,0.0
1651,assembly,0.0
1652,así,0.0
1653,auto,0.0
1654,atardeceres,0.0
1655,atrás,0.0
1656,attack,0.0
1657,attention,0.0
1658,audibly,0.0
1659,auditorium,0.0
1660,aunque,0.0
1661,ballerina,0.0
1662,bamie,0.0
1663,ascendancy,0.0
1664,beggin,0.0
1665,beats,0.0
1666,beautiful,0.0
1667,beauty,0.0
1668,bed,0.0
1669,beer,0.0
1670,began,0.0
1671,beggar,0.0
1672,begins,0.0
1673,beat,0.0
1674,begun,0.0
1675,behave,0.0
1676,beige,0.0
1677,beliefs,0.0
1678,believe,0.0
1679,believer,0.0
1680,believers,0.0
1681,beating,0.0
1682,bears,0.0
1683,band,0.0
1684,barmy,0.0
1685,bandera,0.0
1686,bangor,0.0
1687,bar,0.0
1688,baraboo,0.0
1689,barber,0.0
1690,bare,0.0
1691,barely,0.0
1692,barranquilla,0.0
1693,bear,0.0
1694,barrel,0.0
1695,base,0.0
1696,battle,0.0
1697,bawling,0.0
1698,baña,0.0
1699,bb,0.0
1700,beach,0.0
1701,ashamed,0.0
1702,ascend,0.0
1703,carefully,0.0
1704,agree,0.0
1705,advice,0.0
1706,afraid,0.0
1707,africa,0.0
1708,aftermath,0.0
1709,age,0.0
1710,aggy,0.0
1711,agin,0.0
1712,agua,0.0
1713,admore,0.0
1714,aguanta,0.0
1715,ah,0.0
1716,ahead,0.0
1717,ahh,0.0
1718,ahoga,0.0
1719,aid,0.0
1720,ain,0.0
1721,adore,0.0
1722,admit,0.0
1723,al,0.0
1724,able,0.0
1725,1989,0.0
1726,22nd,0.0
1727,41,0.0
1728,441,0.0
1729,45,0.0
1730,57,0.0
1731,abilities,0.0
1732,abono,0.0
1733,adabadee,0.0
1734,ac,0.0
1735,accept,0.0
1736,acceptance,0.0
1737,acknowledging,0.0
1738,acrobatics,0.0
1739,act,0.0
1740,active,0.0
1741,air,0.0
1742,alabama,0.0
1743,artificial,0.0
1744,apellido,0.0
1745,answer,0.0
1746,answers,0.0
1747,anticipating,0.0
1748,antiques,0.0
1749,anybody,0.0
1750,anymore,0.0
1751,apart,0.0
1752,apologies,0.0
1753,anger,0.0
1754,apple,0.0
1755,appliance,0.0
1756,approval,0.0
1757,apron,0.0
1758,aquí,0.0
1759,argentina,0.0
1760,arms,0.0
1761,anotándote,0.0
1762,américa,0.0
1763,alaska,0.0
1764,alma,0.0
1765,alegria,0.0
1766,alegría,0.0
1767,algo,0.0
1768,alive,0.0
1769,alley,0.0
1770,alligators,0.0
1771,allow,0.0
1772,alright,0.0
1773,amore,0.0
1774,alto,0.0
1775,altura,0.0
1776,amarillo,0.0
1777,amaze,0.0
1778,ambition,0.0
1779,american,0.0
1780,amor,0.0
1781,believing,0.0
1782,bella,0.0
1783,belong,0.0
1784,burned,0.0
1785,bullets,0.0
1786,bullied,0.0
1787,bullshit,0.0
1788,bunny,0.0
1789,burden,0.0
1790,burdensome,0.0
1791,burn,0.0
1792,burning,0.0
1793,bulldogs,0.0
1794,burns,0.0
1795,bury,0.0
1796,bushes,0.0
1797,business,0.0
1798,bust,0.0
1799,busta,0.0
1800,bustlin,0.0
1801,bullet,0.0
1802,building,0.0
1803,butt,0.0
1804,bruce,0.0
1805,broad,0.0
1806,broke,0.0
1807,broken,0.0
1808,brother,0.0
1809,brothers,0.0
1810,brought,0.0
1811,brown,0.0
1812,bruins,0.0
1813,build,0.0
1814,bruise,0.0
1815,brush,0.0
1816,brutalize,0.0
1817,bruto,0.0
1818,buckeyes,0.0
1819,buffalo,0.0
1820,bugle,0.0
1821,busy,0.0
1822,butter,0.0
1823,belts,0.0
1824,cantar,0.0
1825,campbell,0.0
1826,campesina,0.0
1827,campfire,0.0
1828,canasta,0.0
1829,canción,0.0
1830,candle,0.0
1831,canta,0.0
1832,canto,0.0
1833,caminando,0.0
1834,canvas,0.0
1835,capital,0.0
1836,caps,0.0
1837,captivity,0.0
1838,car,0.0
1839,caras,0.0
1840,care,0.0
1841,camino,0.0
1842,camina,0.0
1843,buy,0.0
1844,cake,0.0
1845,buyers,0.0
1846,bye,0.0
1847,cab,0.0
1848,cabbage,0.0
1849,cabello,0.0
1850,cada,0.0
1851,cadillac,0.0
1852,cal,0.0
1853,camera,0.0
1854,calle,0.0
1855,called,0.0
1856,callin,0.0
1857,calls,0.0
1858,calm,0.0
1859,calor,0.0
1860,came,0.0
1861,british,0.0
1862,britain,0.0
1863,bringin,0.0
1864,blood,0.0
1865,blaine,0.0
1866,blaming,0.0
1867,bleed,0.0
1868,blessed,0.0
1869,blind,0.0
1870,blister,0.0
1871,block,0.0
1872,bloom,0.0
1873,bitty,0.0
1874,blow,0.0
1875,blowin,0.0
1876,blowing,0.0
1877,blows,0.0
1878,blu,0.0
1879,blue,0.0
1880,blues,0.0
1881,black,0.0
1882,bitter,0.0
1883,bring,0.0
1884,bike,0.0
1885,bendita,0.0
1886,best,0.0
1887,beta,0.0
1888,better,0.0
1889,bi,0.0
1890,bidi,0.0
1891,big,0.0
1892,billion,0.0
1893,bite,0.0
1894,biographies,0.0
1895,birds,0.0
1896,birmingham,0.0
1897,birth,0.0
1898,bit,0.0
1899,bitch,0.0
1900,bitches,0.0
1901,bluffin,0.0
1902,board,0.0
1903,boat,0.0
1904,brandish,0.0
1905,box,0.0
1906,boxes,0.0
1907,boy,0.0
1908,boys,0.0
1909,brag,0.0
1910,brain,0.0
1911,brains,0.0
1912,brass,0.0
1913,boca,0.0
1914,brave,0.0
1915,bread,0.0
1916,breaking,0.0
1917,breath,0.0
1918,breathe,0.0
1919,breathed,0.0
1920,bright,0.0
1921,bowles,0.0
1922,bout,0.0
1923,boulevard,0.0
1924,boudoir,0.0
1925,body,0.0
1926,boiled,0.0
1927,boing,0.0
1928,bom,0.0
1929,bone,0.0
1930,bones,0.0
1931,bonitas,0.0
1932,boo,0.0
1933,boogie,0.0
1934,book,0.0
1935,born,0.0
1936,boss,0.0
1937,boston,0.0
1938,bother,0.0
1939,bottle,0.0
1940,dream,0.0
1941,drenched,0.0
1942,lots,0.0
1943,hustlin,0.0
1944,humo,0.0
1945,hums,0.0
1946,hungry,0.0
1947,hurricanes,0.0
1948,hurt,0.0
1949,hurts,0.0
1950,hush,0.0
1951,hype,0.0
1952,humanity,0.0
1953,hyper,0.0
1954,ice,0.0
1955,idaho,0.0
1956,ideals,0.0
1957,igual,0.0
1958,imbibing,0.0
1959,imma,0.0
1960,humming,0.0
1961,huh,0.0
1962,impossible,0.0
1963,horse,0.0
1964,hood,0.0
1965,hook,0.0
1966,hope,0.0
1967,hopes,0.0
1968,hoping,0.0
1969,horizontal,0.0
1970,horn,0.0
1971,hot,0.0
1972,huffin,0.0
1973,hotter,0.0
1974,hottest,0.0
1975,hounded,0.0
1976,hour,0.0
1977,house,0.0
1978,houston,0.0
1979,hoverin,0.0
1980,impeccable,0.0
1981,inch,0.0
1982,honey,0.0
1983,jellico,0.0
1984,iron,0.0
1985,isn,0.0
1986,israel,0.0
1987,jacksonville,0.0
1988,jarobi,0.0
1989,jean,0.0
1990,jeane,0.0
1991,jesus,0.0
1992,invadiendo,0.0
1993,jet,0.0
1994,jew,0.0
1995,jewels,0.0
1996,job,0.0
1997,joey,0.0
1998,jogging,0.0
1999,john,0.0
2000,irish,0.0
2001,introduction,0.0
2002,independently,0.0
2003,insisting,0.0
2004,inferno,0.0
2005,information,0.0
2006,inglaterra,0.0
2007,inhibited,0.0
2008,innocent,0.0
2009,insecure,0.0
2010,insecurity,0.0
2011,instead,0.0
2012,interrupt,0.0
2013,instinctual,0.0
2014,instrumental,0.0
2015,intent,0.0
2016,intentions,0.0
2017,interchanging,0.0
2018,interfere,0.0
2019,internet,0.0
2020,hoo,0.0
2021,hometown,0.0
2022,ha,0.0
2023,haverstraw,0.0
2024,hasta,0.0
2025,hate,0.0
2026,hater,0.0
2027,haters,0.0
2028,hates,0.0
2029,hatin,0.0
2030,haven,0.0
2031,hay,0.0
2032,harder,0.0
2033,head,0.0
2034,headlights,0.0
2035,heads,0.0
2036,health,0.0
2037,heard,0.0
2038,hearing,0.0
2039,heart,0.0
2040,harrisburg,0.0
2041,hard,0.0
2042,hearts,0.0
2043,hand,0.0
2044,hace,0.0
2045,haciendo,0.0
2046,hackensack,0.0
2047,hair,0.0
2048,half,0.0
2049,hall,0.0
2050,hamilton,0.0
2051,handing,0.0
2052,happy,0.0
2053,handle,0.0
2054,hang,0.0
2055,hangin,0.0
2056,hanging,0.0
2057,happen,0.0
2058,happens,0.0
2059,happiness,0.0
2060,heartache,0.0
2061,heat,0.0
2062,homeless,0.0
2063,hmm,0.0
2064,higher,0.0
2065,highest,0.0
2066,highway,0.0
2067,hist,0.0
2068,history,0.0
2069,hit,0.0
2070,hitting,0.0
2071,ho,0.0
2072,hiding,0.0
2073,hogs,0.0
2074,hojas,0.0
2075,hold,0.0
2076,holds,0.0
2077,holler,0.0
2078,hollywood,0.0
2079,home,0.0
2080,high,0.0
2081,hide,0.0
2082,heaven,0.0
2083,helpless,0.0
2084,heavy,0.0
2085,heed,0.0
2086,heels,0.0
2087,hell,0.0
2088,hella,0.0
2089,help,0.0
2090,helped,0.0
2091,helps,0.0
2092,hidden,0.0
2093,hennessey,0.0
2094,henning,0.0
2095,hercules,0.0
2096,herd,0.0
2097,hermano,0.0
2098,heroes,0.0
2099,hey,0.0
2100,join,0.0
2101,jokin,0.0
2102,jones,0.0
2103,lifting,0.0
2104,lick,0.0
2105,lie,0.0
2106,lies,0.0
2107,life,0.0
2108,lifetime,0.0
2109,lift,0.0
2110,lifted,0.0
2111,light,0.0
2112,letting,0.0
2113,lighting,0.0
2114,lights,0.0
2115,liked,0.0
2116,likes,0.0
2117,limit,0.0
2118,limited,0.0
2119,line,0.0
2120,liberty,0.0
2121,letter,0.0
2122,lines,0.0
2123,legacy,0.0
2124,leaves,0.0
2125,leaving,0.0
2126,lebanese,0.0
2127,led,0.0
2128,leein,0.0
2129,left,0.0
2130,leftfoot,0.0
2131,legend,0.0
2132,lets,0.0
2133,leia,0.0
2134,lejano,0.0
2135,lejos,0.0
2136,lend,0.0
2137,length,0.0
2138,lesbian,0.0
2139,lesson,0.0
2140,linen,0.0
2141,lingers,0.0
2142,joy,0.0
2143,looks,0.0
2144,loins,0.0
2145,loneliness,0.0
2146,lonely,0.0
2147,long,0.0
2148,look,0.0
2149,1956,0.0
2150,looking,0.0
2151,loose,0.0
2152,locura,0.0
2153,lord,0.0
2154,lordy,0.0
2155,los,0.0
2156,lose,0.0
2157,loser,0.0
2158,losing,0.0
2159,lot,0.0
2160,logos,0.0
2161,load,0.0
2162,lip,0.0
2163,lived,0.0
2164,lips,0.0
2165,lipstick,0.0
2166,listen,0.0
2167,listening,0.0
2168,lit,0.0
2169,little,0.0
2170,live,0.0
2171,livin,0.0
2172,lo,0.0
2173,living,0.0
2174,llanto,0.0
2175,llega,0.0
2176,llegando,0.0
2177,llevo,0.0
2178,llorar,0.0
2179,lluvia,0.0
2180,leave,0.0
2181,leather,0.0
2182,learning,0.0
2183,kisses,0.0
2184,kinder,0.0
2185,kindness,0.0
2186,king,0.0
2187,kingdom,0.0
2188,kingston,0.0
2189,kiss,0.0
2190,kissed,0.0
2191,kitchen,0.0
2192,kind,0.0
2193,knees,0.0
2194,knew,0.0
2195,knock,0.0
2196,knocking,0.0
2197,know,0.0
2198,knowers,0.0
2199,knowing,0.0
2200,kinda,0.0
2201,kin,0.0
2202,learned,0.0
2203,kalamazoo,0.0
2204,jubilant,0.0
2205,judge,0.0
2206,jugo,0.0
2207,jump,0.0
2208,jumpin,0.0
2209,junto,0.0
2210,just,0.0
2211,kansas,0.0
2212,killing,0.0
2213,kappo,0.0
2214,keeps,0.0
2215,kendrick,0.0
2216,kick,0.0
2217,kid,0.0
2218,kill,0.0
2219,killer,0.0
2220,knowledge,0.0
2221,known,0.0
2222,knows,0.0
2223,lazy,0.0
2224,latina,0.0
2225,laugh,0.0
2226,laughs,0.0
2227,law,0.0
2228,lay,0.0
2229,layer,0.0
2230,laying,0.0
2231,le,0.0
2232,knoxville,0.0
2233,lead,0.0
2234,leader,0.0
2235,leads,0.0
2236,league,0.0
2237,lean,0.0
2238,leaning,0.0
2239,learn,0.0
2240,latifah,0.0
2241,latest,0.0
2242,later,0.0
2243,lately,0.0
2244,knuckles,0.0
2245,kool,0.0
2246,la,0.0
2247,lac,0.0
2248,ladder,0.0
2249,ladies,0.0
2250,lady,0.0
2251,lagos,0.0
2252,laid,0.0
2253,lake,0.0
2254,lamento,0.0
2255,land,0.0
2256,larimore,0.0
2257,las,0.0
2258,late,0.0
2259,hablar,0.0
2260,gypsies,0.0
2261,dress,0.0
2262,fabric,0.0
2263,explode,0.0
2264,explore,0.0
2265,exposed,0.0
2266,extensions,0.0
2267,eye,0.0
2268,eyed,0.0
2269,fa,0.0
2270,face,0.0
2271,expect,0.0
2272,fact,0.0
2273,factories,0.0
2274,factory,0.0
2275,fade,0.0
2276,fadin,0.0
2277,fail,0.0
2278,fair,0.0
2279,expel,0.0
2280,expands,0.0
2281,faith,0.0
2282,evergreen,0.0
2283,este,0.0
2284,estrellada,0.0
2285,estás,0.0
2286,esté,0.0
2287,european,0.0
2288,ev,0.0
2289,eventually,0.0
2290,everybody,0.0
2291,exorcist,0.0
2292,everyday,0.0
2293,evicted,0.0
2294,evil,0.0
2295,exactly,0.0
2296,exciting,0.0
2297,excuse,0.0
2298,exodus,0.0
2299,fairly,0.0
2300,fake,0.0
2301,esta,0.0
2302,fellas,0.0
2303,fears,0.0
2304,feast,0.0
2305,fedex,0.0
2306,feelin,0.0
2307,feeling,0.0
2308,feelings,0.0
2309,feet,0.0
2310,female,0.0
2311,fe,0.0
2312,fields,0.0
2313,fight,0.0
2314,fighting,0.0
2315,fights,0.0
2316,figure,0.0
2317,file,0.0
2318,final,0.0
2319,fear,0.0
2320,favorite,0.0
2321,faker,0.0
2322,fantasy,0.0
2323,fall,0.0
2324,falling,0.0
2325,falls,0.0
2326,famine,0.0
2327,famished,0.0
2328,fan,0.0
2329,fans,0.0
2330,far,0.0
2331,fathers,0.0
2332,faraday,0.0
2333,fargo,0.0
2334,farther,0.0
2335,fast,0.0
2336,faster,0.0
2337,fat,0.0
2338,father,0.0
2339,estamos,0.0
2340,essentially,0.0
2341,guts,0.0
2342,ear,0.0
2343,dumbed,0.0
2344,dust,0.0
2345,dusty,0.0
2346,dvr,0.0
2347,dying,0.0
2348,día,0.0
2349,eagle,0.0
2350,earl,0.0
2351,dum,0.0
2352,earn,0.0
2353,ears,0.0
2354,earth,0.0
2355,easier,0.0
2356,east,0.0
2357,easy,0.0
2358,ebbin,0.0
2359,dumb,0.0
2360,duele,0.0
2361,edges,0.0
2362,drown,0.0
2363,dresses,0.0
2364,drift,0.0
2365,drink,0.0
2366,drinking,0.0
2367,drive,0.0
2368,drop,0.0
2369,droppin,0.0
2370,drowning,0.0
2371,dudes,0.0
2372,drugs,0.0
2373,drum,0.0
2374,drummer,0.0
2375,dry,0.0
2376,du,0.0
2377,duckin,0.0
2378,dude,0.0
2379,edge,0.0
2380,egypt,0.0
2381,espina,0.0
2382,equivocating,0.0
2383,enloquece,0.0
2384,enseñó,0.0
2385,enslave,0.0
2386,enter,0.0
2387,entertaining,0.0
2388,entitled,0.0
2389,entonando,0.0
2390,es,0.0
2391,england,0.0
2392,esa,0.0
2393,escondido,0.0
2394,escritos,0.0
2395,escucha,0.0
2396,escucho,0.0
2397,ese,0.0
2398,eso,0.0
2399,english,0.0
2400,ends,0.0
2401,eh,0.0
2402,emociona,0.0
2403,eighty,0.0
2404,el,0.0
2405,elevated,0.0
2406,elitists,0.0
2407,ellensburg,0.0
2408,em,0.0
2409,embriagado,0.0
2410,empieza,0.0
2411,endlessly,0.0
2412,employed,0.0
2413,empuja,0.0
2414,en,0.0
2415,enable,0.0
2416,end,0.0
2417,ended,0.0
2418,endless,0.0
2419,finally,0.0
2420,fine,0.0
2421,fingers,0.0
2422,goines,0.0
2423,glen,0.0
2424,glory,0.0
2425,glow,0.0
2426,goal,0.0
2427,god,0.0
2428,goes,0.0
2429,goin,0.0
2430,going,0.0
2431,glad,0.0
2432,gold,0.0
2433,goles,0.0
2434,gon,0.0
2435,gone,0.0
2436,gonna,0.0
2437,good,0.0
2438,goodbye,0.0
2439,glass,0.0
2440,giving,0.0
2441,gossip,0.0
2442,gettin,0.0
2443,generational,0.0
2444,gentle,0.0
2445,gentleman,0.0
2446,gentlemen,0.0
2447,gentler,0.0
2448,george,0.0
2449,gets,0.0
2450,getting,0.0
2451,givin,0.0
2452,ghost,0.0
2453,giant,0.0
2454,girl,0.0
2455,girlfriend,0.0
2456,girls,0.0
2457,given,0.0
2458,gives,0.0
2459,gopher,0.0
2460,got,0.0
2461,fired,0.0
2462,growers,0.0
2463,grip,0.0
2464,griten,0.0
2465,grito,0.0
2466,groove,0.0
2467,groovin,0.0
2468,ground,0.0
2469,grow,0.0
2470,growing,0.0
2471,grief,0.0
2472,grown,0.0
2473,grows,0.0
2474,guajiro,0.0
2475,guess,0.0
2476,guide,0.0
2477,gun,0.0
2478,guns,0.0
2479,grind,0.0
2480,grew,0.0
2481,gotta,0.0
2482,grade,0.0
2483,gouda,0.0
2484,government,0.0
2485,governor,0.0
2486,gozar,0.0
2487,grab,0.0
2488,grabbin,0.0
2489,grace,0.0
2490,grads,0.0
2491,green,0.0
2492,grand,0.0
2493,grandpa,0.0
2494,grass,0.0
2495,gravelbourg,0.0
2496,great,0.0
2497,greater,0.0
2498,greed,0.0
2499,generation,0.0
2500,geeked,0.0
2501,gay,0.0
2502,footnote,0.0
2503,fold,0.0
2504,folks,0.0
2505,follow,0.0
2506,fond,0.0
2507,fool,0.0
2508,fools,0.0
2509,foot,0.0
2510,force,0.0
2511,flyness,0.0
2512,forcing,0.0
2513,ford,0.0
2514,foreign,0.0
2515,forever,0.0
2516,forget,0.0
2517,forgettin,0.0
2518,forgetting,0.0
2519,focus,0.0
2520,fly,0.0
2521,gator,0.0
2522,flaming,0.0
2523,fit,0.0
2524,fits,0.0
2525,fix,0.0
2526,flag,0.0
2527,flags,0.0
2528,flame,0.0
2529,flames,0.0
2530,flavor,0.0
2531,fluent,0.0
2532,flick,0.0
2533,flip,0.0
2534,flourishing,0.0
2535,flow,0.0
2536,flowin,0.0
2537,flowing,0.0
2538,flown,0.0
2539,forgive,0.0
2540,forgiven,0.0
2541,forsaken,0.0
2542,fábrica,0.0
2543,funk,0.0
2544,funkiest,0.0
2545,funkin,0.0
2546,funky,0.0
2547,funny,0.0
2548,fury,0.0
2549,future,0.0
2550,gabby,0.0
2551,fotografía,0.0
2552,game,0.0
2553,gang,0.0
2554,gap,0.0
2555,garbage,0.0
2556,gatekeepers,0.0
2557,gather,0.0
2558,gathered,0.0
2559,fully,0.0
2560,fulfill,0.0
2561,fuerza,0.0
2562,fuel,0.0
2563,fourteen,0.0
2564,freak,0.0
2565,freakin,0.0
2566,freaks,0.0
2567,free,0.0
2568,freedom,0.0
2569,freestyle,0.0
2570,frente,0.0
2571,friction,0.0
2572,friday,0.0
2573,friend,0.0
2574,friends,0.0
2575,frijoles,0.0
2576,frío,0.0
2577,fuck,0.0
2578,zombies,0.0
